/*!40101 SET @saved_cs_client     = @@character_set_client */;
/*!40101 SET character_set_client = utf8 */;
CREATE TABLE `command_settings` (
  `command` varchar(128) NOT NULL DEFAULT '',
  `access` int(11) NOT NULL DEFAULT 0,
  `aliases` varchar(256) NOT NULL DEFAULT '',
  PRIMARY KEY (`command`) USING BTREE,
  UNIQUE KEY `UK_command_settings_1` (`command`) USING BTREE
) ENGINE=InnoDB DEFAULT CHARSET=latin1 COLLATE=latin1_swedish_ci;
/*!40101 SET character_set_client = @saved_cs_client */;
INSERT INTO `command_settings` VALUES ('advnpcspawn',150,'advnpc'),('aggro',80,''),('aggrozone',200,''),('ai',100,''),('altactivate',170,''),('appearance',150,''),('apply_shared_memory',250,''),('attack',150,''),('attackentity',160,''),('ban',200,''),('beard',80,''),('beardcolor',80,''),('bestz',80,''),('betabuff',200,''),('bind',80,''),('boatinfo',81,''),('bug',90,''),('castspell',90,'cast'),('chat',200,''),('chattest',180,''),('checklos',50,'los'),('cleartimers',80,''),('connectworldserver',200,'connectworld'),('coredump',180,''),('corpse',90,''),('crashtest',201,''),('cvs',80,''),('d1',250,''),('damage',150,''),('damagetotals',100,''),('date',150,''),('dbspawn2',100,''),('delacct',200,''),('deletegraveyard',200,''),('depop',100,''),('depopzone',100,''),('disablerecipe',80,''),('distance',80,''),('doanim',50,''),('emote',150,''),('emotesearch',80,''),('emoteview',80,''),('enablerecipe',80,''),('equipitem',50,''),('expansion',150,''),('face',80,''),('falltest',250,''),('fillbuffs',80,''),('findaliases',0,''),('findnpctype',90,'fn'),('findspell',90,'fs|spfind'),('findzone',0,'fz'),('fixmob',150,''),('flag',201,''),('flagedit',150,''),('flags',80,''),('fleeinfo',80,''),('flymode',20,''),('fov',80,''),('freeze',100,''),('gassign',150,''),('gender',90,''),('getvariable',200,''),('ginfo',20,''),('giveitem',150,'gi'),('givemoney',150,''),('giveplayerfaction',200,''),('globalview',80,''),('gm',20,''),('gmdamage',160,''),('gmspeed',80,''),('godmode',200,''),('goto',80,''),('grid',150,''),('gridrecord',170,''),('guild',80,'guilds'),('guildapprove',20,''),('guildcreate',20,''),('guildlist',20,''),('hair',80,''),('haircolor',80,''),('haste',100,''),('hatelist',80,''),('heal',85,''),('helm',80,''),('help',20,''),('hideme',20,'gmhideme'),('hotfix',250,''),('hp',90,''),('interrogateinv',20,''),('interrupt',50,''),('invul',80,'invulnerable'),('ipban',201,''),('iplookup',200,''),('iteminfo',10,''),('itemsearch',90,'fi|finditem|search'),('keyring',90,''),('kick',80,''),('kill',80,''),('lastname',80,''),('level',85,''),('listnpcs',90,''),('load_shared_memory',250,''),('loc',20,''),('logs',250,''),('logtest',250,''),('makepet',150,''),('mana',100,''),('manaburn',170,''),('manastat',50,''),('maxskills',90,''),('memspell',100,''),('merchant_close_shop',100,'close_shop'),('merchant_open_shop',100,'open_shop'),('modifynpcstat',150,''),('motd',200,''),('movechar',80,''),('mule',250,''),('mysql',255,''),('mysqltest',250,''),('mystats',50,''),('name',100,''),('netstats',200,''),('npccast',90,''),('npcedit',150,''),('npcemote',80,''),('npcloot',150,''),('npcsay',80,''),('npcshout',90,''),('npcspawn',100,''),('npcstats',90,''),('npctypecache',250,''),('npctypespawn',90,'dbspawn'),('nukebuffs',100,''),('nukeitem',150,''),('numauths',255,''),('oocmute',200,''),('opcode',250,''),('optest',180,''),('path',200,''),('peekinv',80,''),('peqzone',0,''),('permaclass',150,''),('permagender',150,''),('permarace',150,''),('petition',20,''),('pf',20,''),('playsound',20,''),('push',250,''),('pvp',80,''),('qglobal',150,''),('qtest',85,''),('questerrors',20,''),('race',90,''),('raidloot',20,''),('randomfeatures',90,''),('randtest',250,''),('refreshgroup',20,''),('reloadallrules',80,''),('reloademote',80,''),('reloadlevelmods',255,''),('reloadmerchants',255,''),('reloadqst',80,'reloadquest|rq'),('reloadrulesworld',80,''),('reloadstatic',150,''),('reloadtitles',150,''),('reloadtraps',80,''),('reloadworld',255,''),('reloadzps',150,'reloadzonepoints'),('repop',90,''),('repopclose',100,''),('resetaa',100,''),('resetboat',95,''),('revoke',80,''),('rewind',0,''),('rules',200,''),('save',80,''),('scribespell',90,''),('scribespells',100,''),('sendop',180,''),('sendzonespawns',200,''),('serverlock',150,''),('serversidename',100,''),('setaapts',100,'setaapoints'),('setaaxp',100,'setaaexp'),('setanim',200,''),('setfaction',170,''),('setgraveyard',200,''),('setgreed',100,''),('setlanguage',50,''),('setlsinfo',20,''),('setnpcexpansion',100,''),('setpass',150,''),('setskill',90,''),('setskillall',100,'setallskill|setallskills'),('setxp',100,'setexp'),('showbonusstats',50,''),('showbuffs',80,''),('showfilters',180,''),('showhelm',0,''),('showpetspell',50,''),('showregen',100,''),('showskills',50,''),('showspellslist',100,''),('showstats',80,''),('showtraderitems',80,''),('shutdown',200,''),('size',90,''),('skills',100,''),('spawn',150,''),('spawnfix',80,''),('spawnstatus',150,''),('spellinfo',10,''),('starve',180,''),('stun',100,''),('summon',80,''),('summonitem',90,'si'),('suspend',100,''),('synctod',100,''),('testcommand',250,''),('testcopy',250,''),('testspawn',180,''),('testspawnkill',180,''),('texture',150,''),('time',90,''),('timers',200,''),('timezone',90,''),('title',100,''),('titlesuffix',50,''),('trapinfo',81,''),('undeletechar',255,''),('underworld',100,''),('unfreeze',100,''),('unmemspell',170,''),('unmemspells',170,''),('unscribespell',90,''),('unscribespells',100,''),('update',200,''),('uptime',10,''),('version',20,''),('viewnpctype',100,''),('viewplayerfaction',79,''),('viewzoneloot',80,''),('wc',200,''),('weather',90,''),('worldshutdown',200,''),('wp',150,''),('wpadd',150,''),('wpinfo',150,''),('xpinfo',95,''),('zclip',150,''),('zcolor',150,''),('zheader',150,''),('zone',20,''),('zonebootup',100,''),('zonelock',200,''),('zoneshutdown',200,''),('zonespawn',250,''),('zonestatus',150,''),('zopp',250,''),('zsafecoords',150,''),('zsave',200,''),('zsky',150,''),('zstats',80,''),('zunderworld',80,''),('zuwcoords',80,'');
/*!40101 SET @saved_cs_client     = @@character_set_client */;
/*!40101 SET character_set_client = utf8 */;
CREATE TABLE `launcher` (
  `name` varchar(64) NOT NULL DEFAULT '',
  `dynamics` tinyint(3) unsigned NOT NULL DEFAULT 0,
  PRIMARY KEY (`name`)
) ENGINE=MyISAM DEFAULT CHARSET=latin1 COLLATE=latin1_swedish_ci;
/*!40101 SET character_set_client = @saved_cs_client */;
INSERT INTO `launcher` VALUES ('boats',0),('zone1',0),('zone2',0),('zone3',0),('dynzone1',10),('dynzone2',10);
/*!40101 SET @saved_cs_client     = @@character_set_client */;
/*!40101 SET character_set_client = utf8 */;
CREATE TABLE `launcher_zones` (
  `launcher` varchar(64) NOT NULL DEFAULT '',
  `zone` varchar(32) NOT NULL DEFAULT '',
  `port` mediumint(9) NOT NULL DEFAULT 0,
  `enabled` tinyint(1) unsigned zerofill DEFAULT 0,
  `expansion` varchar(64) DEFAULT NULL,
  PRIMARY KEY (`launcher`,`zone`)
) ENGINE=MyISAM DEFAULT CHARSET=latin1 COLLATE=latin1_swedish_ci;
/*!40101 SET character_set_client = @saved_cs_client */;
INSERT INTO `launcher_zones` VALUES ('zone2','nektulos',7168,1,'classic'),('zone2','unrest',7167,1,'classic'),('zone2','tox',7166,1,'classic'),('zone2','steamfont',7165,1,'classic'),('zone2','sro',7164,1,'classic'),('zone2','southkarana',7163,1,'classic'),('zone2','soldungb',7162,1,'classic'),('zone2','soldunga',7161,1,'classic'),('zone2','runnyeye',7160,1,'classic'),('zone2','rivervale',7159,1,'classic'),('zone2','rathemtn',7158,1,'classic'),('zone2','qrg',7157,1,'classic'),('zone2','qeytoqrg',7156,1,'classic'),('zone2','qeynos2',7155,1,'classic'),('zone3','qeynos',7154,1,'classic'),('zone2','qey2hh1',7153,1,'classic'),('zone2','qcat',7152,1,'classic'),('zone2','permafrost',7151,1,'classic'),('zone2','paw',7150,1,'classic'),('zone2','paineel',7149,1,'classic'),('zone3','oot',7148,1,'classic'),('zone2','oggok',7147,1,'classic'),('zone3','oasis',7146,1,'classic'),('zone3','nro',7145,1,'classic'),('zone2','northkarana',7144,1,'classic'),('zone2','neriakc',7143,1,'classic'),('zone2','neriakb',7142,1,'classic'),('zone2','neriaka',7141,1,'classic'),('zone2','najena',7140,1,'classic'),('zone2','misty',7139,1,'classic'),('zone2','mistmoore',7138,1,'classic'),('zone2','lfaydark',7137,1,'classic'),('zone2','lavastorm',7136,1,'classic'),('zone2','lakerathe',7135,1,'classic'),('zone1','kithicor',7134,1,'classic'),('zone1','kerraridge',7133,1,'classic'),('zone1','kedge',7132,1,'classic'),('zone1','kaladimb',7131,1,'classic'),('zone1','kaladima',7130,1,'classic'),('zone1','innothule',7129,1,'classic'),('zone1','highpass',7128,1,'classic'),('zone1','highkeep',7127,1,'classic'),('zone1','halas',7126,1,'classic'),('zone1','guktop',7125,1,'classic'),('zone1','gukbottom',7124,1,'classic'),('zone1','grobb',7123,1,'classic'),('zone1','gfaydark',7122,1,'classic'),('zone1','freportw',7121,1,'classic'),('zone1','freportn',7120,1,'classic'),('zone3','freporte',7119,1,'classic'),('zone1','felwitheb',7118,1,'classic'),('zone1','felwithea',7117,1,'classic'),('zone1','feerrott',7116,1,'classic'),('zone1','everfrost',7115,1,'classic'),('zone3','erudsxing',7114,1,'classic'),('zone1','erudnint',7113,1,'classic'),('zone3','erudnext',7112,1,'classic'),('zone1','ecommons',7111,1,'classic'),('zone1','eastkarana',7110,1,'classic'),('zone1','crushbone',7109,1,'classic'),('zone1','commons',7108,1,'classic'),('zone1','cazicthule',7107,1,'classic'),('zone1','cauldron',7106,1,'classic'),('zone3','butcher',7105,1,'classic'),('zone1','blackburrow',7104,1,'classic'),('zone1','beholder',7103,1,'classic'),('zone1','befallen',7102,1,'classic'),('zone1','arena',7101,1,'classic'),('zone1','akanon',7100,1,'classic');
/*!40101 SET @saved_cs_client     = @@character_set_client */;
/*!40101 SET character_set_client = utf8 */;
CREATE TABLE `logsys_categories` (
  `log_category_id` int(11) NOT NULL,
  `log_category_description` varchar(150) DEFAULT NULL,
  `log_to_console` smallint(11) DEFAULT 0,
  `log_to_file` smallint(11) DEFAULT 0,
  `log_to_gmsay` smallint(11) DEFAULT 0,
  PRIMARY KEY (`log_category_id`)
) ENGINE=InnoDB DEFAULT CHARSET=latin1 COLLATE=latin1_swedish_ci;
/*!40101 SET character_set_client = @saved_cs_client */;
INSERT INTO `logsys_categories` VALUES (1,'AA',0,0,0),(2,'AI',0,0,0),(3,'Aggro',0,0,0),(4,'Attack',0,0,0),(5,'Packet: Client -> Server',0,0,0),(6,'Combat',0,0,0),(7,'Commands',0,0,0),(8,'Crash',3,3,0),(9,'Debug',0,0,0),(10,'Doors',0,0,0),(11,'Error',3,3,0),(12,'Guilds',0,0,0),(13,'Inventory',0,0,0),(14,'Launcher',0,0,0),(15,'Netcode',0,0,0),(16,'Normal',0,0,0),(17,'Object',0,0,0),(18,'Pathing',0,0,0),(19,'QS_Server',0,0,1),(20,'Quests',0,0,0),(21,'Rules',0,0,0),(22,'Skills',0,0,0),(23,'Spawns',0,0,0),(24,'Spells',0,0,0),(25,'Status',0,0,0),(26,'TCP_Connection',0,0,0),(27,'Tasks',0,0,0),(28,'Tradeskills',0,0,0),(29,'Trading',0,0,0),(30,'Login_Server',0,0,0),(31,'UCS_Server',0,0,0),(32,'WebInterface_Server',0,0,0),(33,'World_Server',0,3,0),(34,'Zone Server',1,1,0),(35,'MySQL Error',1,1,1),(36,'MySQL Queries',0,0,0),(37,'EQMac',0,0,2),(38,'Quest Debug',0,0,3),(39,'Packet: Server -> Client',0,0,0),(40,'Packet: Client -> Server Unhandled',0,0,0),(41,'Packet: Server -> Client With Dump',0,0,0),(42,'Packet: Client -> Server With Dump',0,0,0),(43,'Maps',0,0,0),(44,'Character',0,0,0),(45,'Faction',0,0,0),(46,'Group',0,0,0),(47,'Corpse',0,0,0),(48,'Bazaar',0,0,0),(49,'Discs',0,0,0),(50,'Boats',0,0,0),(51,'Traps',0,0,0),(52,'PTimers',0,0,0),(53,'Nexus',0,0,0),(54,'Pets',0,0,0),(55,'Regen',0,0,0),(56,'Focus',0,0,0),(57,'Death',0,0,0),(58,'Info',1,0,0),(59,'Warning',1,0,0),(60,'Critical',1,0,0),(61,'Emergency',1,0,0),(62,'Alert',1,0,0),(63,'Notice',1,0,0),(64,'QuestErrors',1,0,1);
/*!40101 SET @saved_cs_client     = @@character_set_client */;
/*!40101 SET character_set_client = utf8 */;
CREATE TABLE `rule_sets` (
  `ruleset_id` tinyint(3) unsigned NOT NULL AUTO_INCREMENT,
  `name` varchar(255) NOT NULL DEFAULT '',
  PRIMARY KEY (`ruleset_id`)
) ENGINE=MyISAM AUTO_INCREMENT=12 DEFAULT CHARSET=latin1 COLLATE=latin1_swedish_ci;
/*!40101 SET character_set_client = @saved_cs_client */;
INSERT INTO `rule_sets` VALUES (1,'default');
/*!40101 SET @saved_cs_client     = @@character_set_client */;
/*!40101 SET character_set_client = utf8 */;
CREATE TABLE `rule_values` (
  `ruleset_id` tinyint(3) unsigned NOT NULL DEFAULT 0,
  `rule_name` varchar(64) NOT NULL DEFAULT '',
  `rule_value` varchar(10) NOT NULL DEFAULT '',
  `notes` text NOT NULL,
  PRIMARY KEY (`ruleset_id`,`rule_name`),
  KEY `ruleset_id` (`ruleset_id`) USING BTREE
) ENGINE=MyISAM DEFAULT CHARSET=latin1 COLLATE=latin1_swedish_ci;
/*!40101 SET character_set_client = @saved_cs_client */;
INSERT INTO `rule_values` VALUES (1,'Character:DefaultExpansions','8',' '),(1,'QueryServ:PlayerLogGroundSpawn','true',''),(1,'QueryServ:PlayerLogMoneyTransactions','true',''),(1,'QueryServ:PlayerLogBankTransactions','false',''),(1,'AlKabor:GreensGiveXPToGroup','false','AK behavior is true. When true, lower level players will receive group XP when a green mob to the higher players is killed. '),(1,'World:AdjustRespawnTimes','false',''),(1,'Skills:MaxTrainSpecializations','50','Max level a GM trainer will train casting specializations'),(1,'World:IsGMPetitionWindowEnabled','false',''),(1,'Spells:ReflectType','1','0 = disabled, 1 = single target player spells only, 2 = all player spells, 3 = all single target spells, 4 = all spells'),(1,'Character:UseNewStatsWindow','false',''),(1,'Spells:EnableBlockedBuffs','true',''),(1,'Combat:NPCBashKickStunChance','15','Percent chance that a bash/kick will stun'),(1,'Character:ItemEnduranceRegenCap','15','Endurance cap from items'),(1,'AlKabor:NoDropRemoveTradeskill','true',''),(1,'AlKabor:OutOfRangeGroupXPBonus','false',''),(1,'Spells:MaxTotalSlotsNPC','30',''),(1,'Spells:MaxBuffSlotsNPC','30',''),(1,'Character:SoDClientUseSoDHPManaEnd','false','Setting this to true will allow SoD clients to use the SoD HP/Mana/End formulas and previous clients will use the old formulas'),(1,'Skills:MaxTradeskillSearchSkillDiff','50','The maximum difference in skill between the trivial of an item and the skill of the player if the trivial is higher than the skill. Recipes that have not been learnt or made at least once via the Experiment mode will be removed from searches based on this criteria.'),(1,'Skills:UseLimitTradeskillSearchSkillDiff','true','Enables the limit for the maximum difference between trivial and skill for recipe searches and favorites.'),(1,'Character:DeathExpLossMaxLevel','255','Any level greater than this will no longer lose exp on death'),(1,'World:GuildBankZoneID','345','ID of zone the Guild Bank works in. Default 345, guildhall'),(1,'NPC:ReturnNonQuestNoDropItems','true','Return NO DROP items on NPCs that do not have an EVENT_ITEM sub in their script'),(1,'Spells:EnableSpellGlobals','false','If true, spells check the spell_globals table against quest globals before allowing spells to scribe via quest::scribespell'),(1,'Zone:MarkMQWarpLT','false',''),(1,'Zone:HotZoneBonus','0.75','hot zone XP bonus'),(1,'Chat:GlobalChatLevelLimit','1',''),(1,'Chat:KarmaGlobalChatLimit','0','amount of karma you need to be able to talk in ooc/auction/chat below the level limit'),(1,'Combat:FleeSnareHPRatio','21','HP at which snare will halt movement of a fleeing NPC.'),(1,'World:MaxClientsSetByStatus','false','If True, IP Limiting will be set to the status on the account as long as the status is > MaxClientsPerIP'),(1,'AA:ExpPerPoint','18750000','Amount of exp per AA. Is the same as the amount of exp to go from level 51 to level 52.'),(1,'Character:MaxFearDurationForPlayerCharacter','4','4 tics, each tic calculates every 6 seconds.'),(1,'Character:MaxCharmDurationForPlayerCharacter','21','15 tics, each tic calculates every 6 seconds.'),(1,'Combat:RoundKickBonus','5','% Modifier that this skill gets to str and skill bonuses'),(1,'Combat:TigerClawBonus','10','% Modifier that this skill gets to str and skill bonuses'),(1,'Combat:EagleStrikeBonus','15','% Modifier that this skill gets to str and skill bonuses'),(1,'Combat:DragonPunchBonus','20','% Modifier that this skill gets to str and skill bonuses'),(1,'Combat:FlyingKickBonus','25','% Modifier that this skill gets to str and skill bonuses'),(1,'Combat:MonkDamageTableBonus','10','% bonus monks get to their damage table calcs'),(1,'Combat:MaxFlurryHits','2','max number of extra hits from flurry'),(1,'Combat:MaxRampageTargets','3','max number of people hit with rampage'),(1,'Spells:SacrificeItemID','9963','Item ID of the item Sacrifice will return. Defaults to an Essence Emerald.'),(1,'Spells:SacrificeMaxLevel','69','Last level Sacrifice will work on'),(1,'Spells:SacrificeMinLevel','46','First level Sacrifice will work on'),(1,'Map:UseClosestZ','true',''),(1,'Map:FindBestZHeightAdjust','1',''),(1,'Pathing:RouteUpdateFrequencyShort','1000',''),(1,'Pathing:RouteUpdateFrequencyNodeCount','5',''),(1,'Pathing:MinDistanceForLOSCheckShort','40000.0000',''),(1,'Pathing:MinNodesTraversedForLOSCheck','3',''),(1,'Pathing:RouteUpdateFrequencyLong','5000',''),(1,'Pathing:LOSCheckFrequency','1000',''),(1,'Pathing:MaxNodesLeftForLOSCheck','4',''),(1,'Pathing:MinDistanceForLOSCheckLong','1000000.00',''),(1,'Pathing:Guard','true',''),(1,'Combat:ArcheryBaseDamageBonus','1','Modifier to Base Archery Damage .5 = 50%, 1 = 100%, 2 = 200%'),(1,'Pathing:Fear','true',''),(1,'Pathing:CandidateNodeRangeZ','50.0000000',''),(1,'NPC:SmartLastFightingDelayMoving','true','When true, mobs that started going home previously will do so again immediately if still on FD hate list'),(1,'Combat:ArcheryBonusRequiresStationary','true','does the 2x archery bonus chance require a stationary npc'),(1,'NPC:LastFightingDelayMovingMax','30000','Maximum time (in ms) before mob goes home after all aggro loss'),(1,'NPC:LastFightingDelayMovingMin','5000','Minimum time (in ms) before mob goes home after all aggro loss'),(1,'Zone:PEQZoneDebuff2','2209','Second debuff casted by #peqzone Default is Tendrils of Apathy.'),(1,'Zone:PEQZoneDebuff1','4454','First debuff casted by #peqzone Default is Cursed Keepers Blight.'),(1,'Zone:PEQZoneReuseTime','300','Amount of time, in seconds, before you can reuse the #peqzone command'),(1,'Pathing:AggroReturnToGrid','true',''),(1,'Pathing:CandidateNodeRangeXY','400.000000',''),(1,'Pathing:Aggro','true',''),(1,'Character:YellowModifier','125',''),(1,'AlKabor:GroupEXPBonuses','false','AK behavior is true. When true, the \"broken\" 4-6 member group bonuses will be used.  Note: ClassicGroupEXPBonuses must be false for this to work'),(1,'Character:WhiteModifier','100',''),(1,'Combat:NPCBonusHitChance','26.0','notation'),(1,'Character:UseXPConScaling','true',''),(1,'Zone:UsePEQZoneDebuffs','false','Will determine if #peqzone will debuff players or not when used.'),(1,'Character:RestRegenTimeToActivate','30000','Time in seconds for rest state regen to kick in.'),(1,'Character:RestRegenPercent','0','Set to >0 to enable rest state bonus HP and mana regen.'),(1,'Character:RaidExpMultiplier','1.0','notation'),(1,'World:MinGMAntiHackStatus','11','Minimum GM status to check against AntiHack list'),(1,'Chat:KarmaUpdateIntervalMS','1200000','notation'),(1,'Character:GroupExpMultiplier','1','notation'),(1,'Chat:MaxMessagesBeforeKick','20','notation'),(1,'Chat:IntervalDurationMS','60000','notation'),(1,'Chat:MinimumMessagesPerInterval','4','notation'),(1,'Chat:MaximumMessagesPerInterval','12','notation'),(1,'Chat:MinStatusToBypassAntiSpam','80','notation'),(1,'Chat:EnableMailKeyIPVerification','true','notation'),(1,'Chat:EnableAntiSpam','false',''),(1,'Combat:WeaponSkillFalloff','0.33',''),(1,'Combat:ArcheryHitPenalty','0.45','Archery has a hit penalty to try to help balance it with the plethora of long term +hit modifiers for it'),(1,'Combat:HitBonusPerLevel','1.2',''),(1,'Combat:HitFalloffMajor','50.0',''),(1,'Combat:HitFalloffModerate','7.0','hit will fall off up to 7% over the three levels after the initial level range'),(1,'Combat:HitFalloffMinor','5.0','hit will fall off up to 5% over the initial level range'),(1,'Merchant:ChaPenaltyMod','1.52','Determines CHA bottom:up to 102 CHA. 1.52 is 37 CHA at apprehensive. 0.98 is 0 CHA at apprehensive.'),(1,'Merchant:ChaBonusMod','3.45','Determines CHA cap:from 104 CHA. 3.45 is 132 CHA at apprehensive. 0.34 is 400 CHA at apprehensive.'),(1,'Merchant:PricePenaltyPct','4','Determines maximum price penalty from having bad faction/CHA. Value is a percent.'),(1,'Merchant:PriceBonusPct','4','Determines maximum price bonus from having good faction/CHA. Value is a percent.'),(1,'Merchant:BuyCostMod','0.95','Modifier for NPC buy price.'),(1,'Merchant:SellCostMod','1.05','Modifier for NPC sell price.'),(1,'Merchant:UsePriceMod','true','Use faction/charisma price modifiers.'),(1,'World:GMAccountIPList','false','Check ip list against GM Accounts:AntiHack GM Accounts.'),(1,'Character:AAExpMultiplier','1.0','notation'),(1,'EventLog:RecordBuyFromMerchant','false','Record purchases by a player from an NPC merchant in eventlog table'),(1,'EventLog:RecordSellToMerchant','false','Record sales from a player to an NPC merchant in eventlog table'),(1,'Chat:EnableVoiceMacros','true','notation'),(1,'Spells:TranslocateTimeLimit','0','If not zero:time in seconds to accept a Translocate.'),(1,'Channels:RequiredStatusListAll','251','Required status to list all chat channels'),(1,'Channels:RequiredStatusAdmin','251','Required status to administer chat channels'),(1,'Mail:ExpireUnread','31536000','1 Year. Set to -1 for never'),(1,'Mail:ExpireRead','31536000','1 Year. Set to -1 for never'),(1,'Mail:ExpireTrash','0','Time in seconds. 0 will delete all messages in the trash when the mailserver starts'),(1,'Mail:EnableMailSystem','true','If false:client wont bring up the Mail window.'),(1,'World:TutorialZoneID','189','notation'),(1,'Bazaar:MaxSearchResults','200','notation'),(1,'World:ExemptAccountLimitStatus','200','Min status required to be exempt from multi-session per account limiting (-1 is disabled)'),(1,'World:AccountSessionLimit','1','Max number of characters allowed on at once from a single account (-1 is disabled)'),(1,'Character:BindAnywhere','false','notation'),(1,'Character:UseDeathExpLossMult','true','Adjust to use the above multiplier or to use code default.'),(1,'Combat:BaseHitChance','69','notation'),(1,'Combat:AgiHitFactor','0.01','notation'),(1,'Spells:ResistPerLevelDiff','85','8.5 resist per level difference.'),(1,'Character:SharedBankPlat','true','off by default to prevent duping for now'),(1,'Spells:WizCritChance','2',''),(1,'Spells:WizCritRatio','0',''),(1,'Spells:WizCritLevel','12','level wizards first get spell crits'),(1,'Spells:BaseCritRatio','100','base % bonus to damage on a successful spell crit. 100 = 2x damage'),(1,'Spells:BaseCritChance','0','base % chance that everyone has to crit a spell'),(1,'Combat:BaseProcChance','0.035','notation'),(1,'Combat:ProcDexDivideBy','11000','notation'),(1,'Combat:AvgProcsPerMinute','2.0','notation'),(1,'Combat:ProcPerMinDexContrib','0.075','notation'),(1,'Chat:ServerWideAuction','true','notation'),(1,'Combat:AdjustProcPerMinute','true','notation'),(1,'Chat:ServerWideOOC','true','notation'),(1,'Character:MaxExpLevel','65','Sets the Max Level attainable via Experience'),(1,'Zone:AutoShutdownDelay','5000',''),(1,'World:ClearTempMerchantlist','true','cavedude: Clears temp merchant items when world boots.'),(1,'World:AddMaxClientsPerIP','-1','Maximum number of clients allowed to connect per IP address if account status is < ExemptMaxClientsStatus.  Default value: -1 (feature disabled)'),(1,'World:EnableReturnHomeButton','true','notation'),(1,'World:MaxLevelForTutorial','1','notation'),(1,'World:MinOfflineTimeToReturnHome','21600','21600 seconds is 6 Hours'),(1,'World:AddMaxClientsStatus','-1','Accounts with status >= this rule will be allowed to use the amount of accounts defined in the AddMaxClientsPerIP.  Default value: -1 (feature disabled)'),(1,'TaskSystem:KeepOneRecordPerCompletedTask','true','notation'),(1,'TaskSystem:EnableTaskProximity','true','notation'),(1,'World:EnableTutorialButton','false','notation'),(1,'TaskSystem:RecordCompletedOptionalActivities','true','notation'),(1,'TaskSystem:PeriodicCheckTimer','5',''),(1,'TaskSystem:RecordCompletedTasks','true','notation'),(1,'TaskSystem:EnableTaskSystem','true','Globally enable or disable the Task system'),(1,'AlKabor:StripBuffsOnLowHP','true',''),(1,'Character:SkillUpModifier','70','skill ups are at 100%'),(1,'NPC:EnableNPCQuestJournal','true','notation'),(1,'NPC:CorpseUnlockTimer','120000','notation'),(1,'NPC:EmptyNPCCorpseDecayTimeMS','30000','notation'),(1,'Spells:PartialHitChanceFear','0.25','The chance when a fear spell is resisted that it will partial hit.'),(1,'World:UseBannedIPsTable','true','Toggle whether or not to check incoming client connections against the Banned_IPs table. Set this value to false to disable this feature.'),(1,'Zone:MQWarpExemptStatus','80',''),(1,'Zone:MQWarpDetectionDistanceFactor','9.0',''),(1,'Zone:MQZoneExemptStatus','80',''),(1,'Zone:MQGhostExemptStatus','80',''),(1,'Zone:MQGateExemptStatus','80',''),(1,'Zone:EnableMQWarpDetector','false',''),(1,'Combat:FleeIfNotAlone','false',''),(1,'Zone:EnableMQZoneDetector','true',''),(1,'Zone:EnableMQGateDetector','true',''),(1,'World:MaxClientsPerIP','1','Maximum number of clients allowed to connect per IP address if account status is < AddMaxClientsStatus.  Default value: -1 (feature disabled)'),(1,'Character:DeathItemLossLevel','10','notation'),(1,'Zone:EnableMQGhostDetector','true',''),(1,'NPC:BuffFriends','true','notation'),(1,'Aggro:SpellAggroMod','100','notation'),(1,'Combat:AssistNoTargetSelf','false','When assisting a target without a target: true = target self, false = leave target as was before assist (this is the behavior on live)'),(1,'Character:DisableAAs','false',' '),(1,'Watermap:FishingLineLength','40','If water is more than this far below the player:it is considered too far to fish'),(1,'Watermap:FishingRodLength','30','How far in front of player water must be for fishing to work'),(1,'Watermap:CheckForWaterWhenFishing','true','Only lets a player fish near water (if a water map exists for the zone)'),(1,'Watermap:CheckForWaterOnSendTo','true','Checks if a mob has moved into/out of water on SendTo'),(1,'Watermap:CheckForWaterAtWaypoints','true',''),(1,'Watermap:CheckForWaterWhenMoving','true',''),(1,'NPC:OOCRegen','1','notation'),(1,'Watermap:CheckWaypointsInWaterWhenLoading','true',''),(1,'NPC:SayPauseTimeInSec','70','notation'),(1,'Combat:UseIntervalAC','true',''),(1,'Combat:PetAttackMagicLevel','30',''),(1,'Character:HealOnLevel','false','notation'),(1,'Character:FeignKillsPet','false','notation'),(1,'Zone:ClientLinkdeadMS','180000',''),(1,'Map:FixPathingZAtWaypoints','true',''),(1,'Map:FixPathingZWhenMoving','true',''),(1,'Map:FixPathingZOnSendTo','true',''),(1,'Zone:GraveyardTimeMS','1200000',''),(1,'Map:FixPathingZWhenLoading','true',''),(1,'Zone:EnableShadowrest','0',''),(1,'NPC:UseItemBonusesForNonPets','true','notation'),(1,'Character:ExpMultiplier','1','notation'),(1,'NPC:MinorNPCCorpseDecayTimeMS','480000','level<55'),(1,'NPC:MajorNPCCorpseDecayTimeMS','1800000','level>=55'),(1,'Zone:NPCPositonUpdateTicCount','32','ms between intervals of sending a position update to the entire zone.'),(1,'Combat:ClientBaseCritChance','0',''),(1,'Spells:PartialHitChance','0.7','The chance when a spell is resisted that it will partial hit.'),(1,'Spells:ResistMod','0.40','multiplier:chance to resist = this * ResistAmount'),(1,'Spells:AutoResistDiff','15','notation'),(1,'Spells:ResistChance','2.0','chance to resist given no resists and same level'),(1,'Combat:BerserkBaseCritChance','6',''),(1,'Combat:NPCBashKickLevel','6',''),(1,'Combat:WarBerBaseCritChance','3','The base crit chance for warriors and berserkers:only applies to clients'),(1,'Combat:MeleeBaseCritChance','0','The base crit chance for non warriors:NOTE: This will apply to NPCs as well'),(1,'Combat:EnableFearPathing','true',''),(1,'Combat:FleeHPRatio','21',''),(1,'World:ExemptMaxClientsStatus','-1','Exempt accounts from the MaxClientsPerIP and AddMaxClientsStatus rules:if their status is >= this value.  Default value: -1 (feature disabled)'),(1,'World:ZoneAutobootTimeoutMS','120000','notation'),(1,'World:ClientKeepaliveTimeoutMS','95000','notation'),(1,'Pets:AttackCommandRange','200','Range at which a pet will respond to attack commands'),(1,'Skills:MaxTrainTradeskills','21','Highest skill level that tradeskills can be trained to from GM Trainers'),(1,'Guild:MaxMembers','2048','Max number of members allowed in a single guild'),(1,'Character:AutosaveIntervalS','240','0=disabled'),(1,'Character:LeaveNakedCorpses','false','notation'),(1,'Character:DeathExpLossLevel','11','notation'),(1,'Character:CorpseDecayTimeMS','604800000','notation'),(1,'GM:MinStatusToZoneAnywhere','250','This setting overrides the minstatus setting in the zones table if set'),(1,'Character:MaxLevel','50','notation'),(1,'Character:LeaveCorpses','true','notation'),(1,'Character:HasteCap','100','Haste cap for item haste + spell haste(not including overhaste)'),(1,'Character:MaxDraggedCorpses','2','Maximum number of corpses that a player can /corpsedrag at once'),(1,'Character:DragCorpseDistance','400.000000','If a player is using /corpsedrag and moving, the corpse will not move until the player exceeds this distance (NoRootNoZ)'),(1,'Spells:VirusSpreadDistance','30','The distance a viral spell will jump to its next victim'),(1,'Combat:ArcheryNPCMultiplier','1.0','Multiplied by the min and max hit to determine npcs ranged dmg'),(1,'Character:ItemCastsUseFocus','false','If true, this allows item clickies to use focuses that have limited max levels on them'),(1,'World:ExpansionSettings','9','Expansion settings. Affects client features related to expansions.'),(1,'World:PVPSettings','0','PVP Settings, affects clients\' attack state and Sony-hardcoded checks for PVP rules.'),(1,'World:FVNoDropFlag','0','Sets the FV ruleset to on or off. Enable with rule 2 for GM-trading only. Keep in mind this disables OOC chatter for GMs only if you choose that option.'),(1,'Character:MinStatusForNoDropExemptions','80','Enables bypassing of no-drop flags if status is set to this value and FVNoDropFlag is set to 2.'),(1,'Character:SkillCapMaxLevel','-1','Sets the Max Level used for Skill Caps (from skill_caps table).  Default of -1 makes it use MaxLevel rule value.'),(1,'Console:SessionTimeOut','600000','This sets the default timeout time for Telnet sessions (MS)'),(1,'Guild:PlayerCreationAllowed','false','Allow players with Underfoot+ to create a guild via new UI window.'),(1,'Guild:PlayerCreationLimit','1','Allow players to create a guild using the window in Underfoot+'),(1,'Guild:PlayerCreationRequiredLevel','0','Required level to use the UF+ window to create a new guild.'),(1,'Guild:PlayerCreationRequiredStatus','0','Required admin status to use UF+ window to create a new guild.'),(1,'Guild:PlayerCreationRequiredTime','0','Required Time Entitled on Account to be able to use UF+ window to create a new guild.'),(1,'Spells:LiveLikeFocusEffects','true','Makes certain healing, dmg and mana reduction focuses random like live'),(1,'NPC:StartEnrageValue','9','% HP value that mobs will begin to enrage.'),(1,'NPC:LiveLikeEnrage','false','If enabled, will cause all non-player pets to lose the ability to enrage.'),(1,'Character:ItemExtraDmgCap','150','eg +bash, +frenzy dmg, etc'),(1,'Character:CheckCursorEmptyWhenLooting','true','If true, a player cannot loot a corpse (player or NPC) with an item on their cursor'),(1,'Character:MaintainIntoxicationAcrossZones','true','If true, alcohol effects are maintained across zoning and logging out/in.'),(1,'Character:UseRaceClassExpBonuses','true','Setting this to true will enable Class and Racial experience rate bonuses'),(1,'Character:EnableDiscoveredItems','false','If enabled, it enables EVENT_DISCOVER_ITEM and also saves character names and timestamps'),(1,'Combat:WarriorThreatBonus','0',''),(1,'Character:CorpseResTimeMS','10800000','Time to res a corpse(ms)'),(1,'Character:StatCap','0','Sets the Max Statistics Cap for PCs. 0 = feature disabled'),(1,'Character:SumCorpseDecayTimeMS','43200000',''),(1,'World:DeleteStaleCorpeBackups','true','Deletes stale corpse backups older than 2 weeks.'),(1,'Zone:UsePlayerCorpseBackups','true','Keeps backups of player corpses.'),(1,'Spells:AvgSpellProcsPerMinute','6.0','Default = 6.0 Determines proc rate of spells applied from sympathetic focus effect'),(1,'Spells:ResistFalloff','67','Default = 67 Max that level that will adjust our resist chance based on level modifiers'),(1,'Spells:CharismaEffectiveness','10','Default 10 CHA = -1 resist mod. Deterimes how much resist modification charisma applies to charm/pacify checks.'),(1,'Spells:CharmBreakCheckChance','65','Default 25. Determines percent chance for a charm break check to occur each buff tick.'),(1,'Combat:AvgDefProcsPerMinute','2','Default 2. Determines defensive procs per minute.'),(1,'Combat:DefProcPerMinAgiContrib','0.075','Default 25. Determines how much agility effects proc rate.'),(1,'Combat:SpecialAttackACBonus','15','(Default=15) Percent amount of damage per AC gained for certain special attacks (damage = AC*SpecialAttackACBonus/100).'),(1,'Combat:FrenzyBonus','0','Modify Frenzy skill damage by percent,'),(1,'Combat:TauntSkillFalloff','0.33','(Default=0.33) For every taunt skill point thats not maxed you lose this % chance to taunt.'),(1,'Spells:MaxCastTimeReduction','50','Max percent your spell cast time can be reduced by spell haste.'),(1,'Spells:RootBreakFromSpells','55','Chance for root to break when cast on.'),(1,'Spells:DeathSaveCharismaMod','3','Determines how much charisma effects chance of death save firing.(CHA*value/10)'),(1,'Spells:DivineInterventionHeal','8000','Divine intervention heal amount.'),(1,'Combat:NPCFlurryChance','20','(Default=20) Chance for NPC to flurry if special attack F '),(1,'Spells:AdditiveBonusValues','false','Allow certain bonuses to be calculated by adding together the value from each item, instead of taking the highest value. (ie Add together all Cleave Effects)'),(1,'Character:PerCharacterQglobalMaxLevel','false','Allows Character Max Level based on qglobal \"CharMaxLevel'),(1,'QueryServ:PlayerLogNPCKills','true',''),(1,'QueryServ:PlayerLogTrades','true',''),(1,'QueryServ:PlayerChatLogging','true',''),(1,'QueryServ:PlayerLogMoneyTrades','true',''),(1,'QueryServ:PlayerLogPCCoordinates','true',''),(1,'Chat:FlowCommandstoPerl_EVENT_SAY','true',''),(1,'World:IPLimitDisconnectAll','false','Disconnect all current clients by IP if they go over the IP limit.  This should allow people to quickly reconnect in the case of dead sessions waiting to timeout.'),(1,'Pets:UnTargetableSwarmPet','false','Set true to allow swarm pets to not be targeted by clients.'),(1,'QueryServ:PlayerLogMerchantTransactions','true',''),(1,'QueryServ:PlayerLogDeletes','true',''),(1,'QueryServ:PlayerLogHandins','true',''),(1,'QueryServ:PlayerLogMoves','true',''),(1,'Mercs:AllowMercs','false','Turns mercs on for the server - will not load merc data if set to false.'),(1,'Mercs:SuspendIntervalMS','10000','Time interval for suspend command in milliseconds.'),(1,'Mercs:UpkeepIntervalMS','180000','Time interval for merc upkeep in milliseconds.'),(1,'Mercs:SuspendIntervalS','10','Time interval for suspend command in seconds.'),(1,'Mercs:UpkeepIntervalS','180','Time interval for merc upkeep in seconds.'),(1,'Mercs:ScaleRate','100','Allows scaling of merc stats vs livelike values.'),(1,'Mercs:AggroRadius','100','Determines the distance from which a merc will aggro target(also used to determine the distance at which a healer merc will begin healing a group member)'),(1,'Mercs:AggroRadiusPuller','25','Determines the distance from which a merc will aggro target, if they have the group role of puller (also used to determine the distance at which a healer merc will begin healing a group member, if they have the group role of puller)'),(1,'Zone:LevelBasedEXPMods','true',''),(1,'Mercs:ResurrectRadius','50','Determines the distance from which a healer merc will attempt to resurrect a corpse'),(1,'Mercs:ChargeMercPurchaseCost','false','Turns Mercenary purchase costs on or off.'),(1,'Mercs:ChargeMercUpkeepCost','false','Turns Mercenary upkeep costs on or off.'),(1,'Spells:BuffLevelRestrictions','true',''),(1,'Zone:WeatherTimer','2160',''),(1,'Spells:CharismaCharmDuration','false','Allow CHA to extend charm duration.'),(1,'Spells:CharismaResistCap','255','Maximium amount of CHA that will effect charm resist rate.'),(1,'Inventory:EnforceAugmentRestriction','false','Forces augment slot restrictions.'),(1,'Inventory:EnforceAugmentUsability','false','Forces augmented item usability.'),(1,'Inventory:EnforceAugmentWear','false','Forces augment wear slot validation.'),(1,'Character:BaseRunSpeed','0.7',''),(1,'Spells:BaseFizzleChance','20',''),(1,'Spells:FearBreakCheckChance','70','Chance for fear to do a resist check each tick. Decrease for longer fears.'),(1,'Skills:TrackingBardMultiplier','7',''),(1,'Skills:TrackingDruidMultiplier','8',''),(1,'Skills:TrackingRangerMultiplier','9',''),(1,'Character:TradeskillSkillUpModifier','0.5',''),(1,'Spells:SuccorFailChance','0.005','Determines chance for a succor spell not to teleport an invidual player.'),(1,'Skills:TrackingMultiplier','2',''),(1,'Quarm:EnableChecksumEnforcement','true','// Enables or disables the dll / exe checksum enforcement.'),(1,'Quarm:EnablePetExperienceSplit','true','Accurate from Classic Launch until Luclin. Enables pet experience weights in groups (or 50% if solo) if a single pet deals more than 50% damage to a target out of all contributing damage.'),(1,'Quarm:EnableSpellSixLevelRule','true','Classic thru Velious functionality that makes NPCs 100% resist being casted on by casters that are far below the target\'s level.'),(1,'Quarm:RespawnReductionLowerBound','12000','Sets Lower Bound for Respawn Reduction'),(1,'Quarm:RespawnReductionLowerBoundMax','60000','Sets Lower Bound Max for Respawn Reduction'),(1,'Quarm:RespawnReductionLowerBoundMin','12000','Sets Lower Bound Min for Respawn Reduction'),(1,'Quarm:RespawnReductionHigherBound','60000','Sets Higher Bound for Respawn Reduction'),(1,'Quarm:RespawnReductionHigherBoundMax','499000','Sets Higher Bound Max for Respawn Reduction'),(1,'Quarm:RespawnReductionHigherBoundMin','60001','Sets Higher Bound Min for Respawn Reduction'),(1,'Quarm:EnableRespawnReductionSystem','true','Enables respawn reduction system.'),(1,'Quarm:HardcoreDeathBroadcastLevel','15','Defaults to level 30. A serverwide message is generated when someone dies after this level milestone.'),(1,'Quarm:DeleteHCCharactersAfterDeath','false','Delete any HC characters that have died on login.'),(1,'Quarm:QuakeEndTimeDuration','84600','End Time Duration'),(1,'AlKabor:Count6thGroupMember','true','AK behavior is true. When true, the 6th member of the group will count towards the split, thus reducing the XP everybody gets.  Note: this should be false if using the post June 2003 PC era exp rules is intended'),(1,'Character:EmptyCorpseDecayTimeMS','10800000',''),(1,'AlKabor:AllowPetPull','false','If set to true, AK style Pet pull (green pet pull without aggro).'),(1,'World:BootTime','9',''),(1,'Character:CanCreate','true','Toggles ability for players to create toons.'),(1,'Quarm:QuakeRepopDelay','900','NPC Repop Delay'),(1,'Skills:HighStatSkillUpModifier','0.75',''),(1,'Skills:SkillUpModifier','0.75',''),(1,'QueryServ:PlayerLogAAPurchases','true',''),(1,'QueryServ:PlayerLogDeaths','true',''),(1,'Quarm:QuakeMaxVariance','864000','Max Quake Variance'),(1,'QueryServ:PlayerLogTradeSkillEvents','true',''),(1,'QueryServ:PlayerLogQGlobalUpdate','true',''),(1,'Quarm:QuakeMinVariance','604800','Min Quake Variance'),(1,'QueryServ:PlayerLogLoot','true',''),(1,'World:StreamDataRate','50','set datarate'),(1,'QueryServ:PlayerLogItemDesyncs','true',''),(1,'Doors:NormalRaceRange','125',''),(1,'Quarm:EnableQuakes','true','Enable quakes'),(1,'AlKabor:ReducedMonkAC','false','AK behavior is true.  Monks had a low AC softcap from October 16 2002 to April 8 2003 which made them squishy.  Sony partially unnerfed them in April 03.'),(1,'AlKabor:BlockProjectileWalls','true','AK behavior is true.  If an NPC was in a corner, arrows and bolts would not hit them.'),(1,'AlKabor:BlockProjectileCorners','true','AK behavior is true.  If an NPC was walled, then arrows and bolts had to be fired from an angle parallel to the wall in order to hit them. (if this is true, corners will also block)'),(1,'AlKabor:VeliousGroupEXPBonuses','false','AK behavior is false.  If true, use the Velious to mid PoP era group exp bonus. (2% for 2 members, up to 20% for 6 members)  This was the case from Jan 2001 to June 2003 on PC.  (prior to that was a 6 man bonus of 10%)  False will use the post June 2003 bonus of 20% per aditional member up to 80%'),(1,'AlKabor:ServerExpBonus','false','AK behavior is true.  This grants a multiplicative 20% experience bonus that was unique to AK'),(1,'World:CurrentExpansion','1.0','Currently enabled expansion (float)'),(1,'AlKabor:EnableMobLevelModifier','false','AK behavior is true.  If true, enable the September 4 & 6 2002 patch exp modifications that granted a large experience bonus to kills within +/-5 levels of the player for level 51+ players'),(1,'AlKabor:ClassicGroupEXPBonuses','true','AK behavior is false.  If true, use the launch to 1 month Velious group exp bonus. (2% for 2 members, up to 10% for 6 members)  This was the case from launch until Jan 2001 on PC.  (after that was a 6 man bonus of 20%)  False will use the post June 2003 bonus of 20% per aditional member up to 80%'),(1,'AlKabor:EnableEraItemRules','true','AK behavior is false. If true, disable focus effecs out of era.'),(1,'AlKabor:EnableLuclinHarmonyResistOverride','false','AK behavior is true. If true, enable the resist override on the harmony spell.'),(1,'AlKabor:EnableLatePlanesHarmonyNerf','false','AK behavior is true. If true, enable the level cap in the client spell data for the Harmony spell.'),(1,'Character:MaxBetaBuffLevel','1','Max level you can achieve while using the #betabuff command.');
/*!40101 SET @saved_cs_client     = @@character_set_client */;
/*!40101 SET character_set_client = utf8 */;
CREATE TABLE `variables` (
  `varname` varchar(25) NOT NULL DEFAULT '',
  `value` text NOT NULL,
  `information` text NOT NULL,
  `ts` timestamp NOT NULL DEFAULT current_timestamp() ON UPDATE current_timestamp(),
  PRIMARY KEY (`varname`)
) ENGINE=MyISAM DEFAULT CHARSET=latin1 COLLATE=latin1_swedish_ci;
/*!40101 SET character_set_client = @saved_cs_client */;
INSERT INTO `variables` VALUES ('AAXPMod','0.75','AA Experience multipler. Increase to increase exp rate','2015-02-03 01:59:49'),('ACfail','15','the percentage of time AC fails to protect. 0 would mean there was always some level of protection, 100 would mean AC has no affect. When AC fails, it will be possible to get a max dmg hit.','2015-02-03 01:59:49'),('ACrandom','20','','2015-02-03 01:59:49'),('ACreduction','3','','2015-02-03 01:59:49'),('ailevel','6','','2015-02-03 01:59:49'),('curInstFlagNum','2002','Determines what instance flag will be handed out next','2015-02-03 01:59:49'),('DBVersion','070_pop','DB version info','2015-02-03 01:59:49'),('decaytime 1 54','450','Corpse decay time for Level\'s 1 to 54','2015-02-03 01:59:49'),('decaytime 55 100','1800','Corpse decay time for Level\'s 55 to 100','2015-02-03 01:59:49'),('dfltInstZflag','1000','Used to determine if a zone is instanced, must be 1000 or greater','2015-02-03 01:59:49'),('disablecommandline','0','Allow command lines to be run from world.exe | 0 - off | 1 - on |','2015-02-03 01:59:49'),('Expansions','0','Accessible expansions for each player. Default 15','2023-08-01 22:15:30'),('EXPMod','0.75','Experience multipler. Increase to increase exp rate','2015-02-03 01:59:49'),('git-BRANCH','prerelease','git rev-parse --abbrev-ref HEAD','2023-07-24 05:49:37'),('git-HEAD-hash','rev-parse','git rev-parse HEAD','2015-10-22 15:52:50'),('GroupEXPBonus','0.60','Experience multipler. Increase to increase group exp rate','2015-02-03 01:59:49'),('GuildWars','0','Enable Guild Wars Type Server | 0 - off | 1 - on |','2015-02-03 01:59:49'),('holdzones','0','Restart Crashed Zone Servers | 0 - off | 1 - on |','2015-02-03 01:59:49'),('leavecorpses','0','Players leave corpses | 0 - off | 1 - on |','2015-02-03 01:59:49'),('loglevel','0000','Commands,Merchants,Trades,Loot','2015-02-03 01:59:49'),('Max_AAXP','21626880','Max AA Experience','2015-02-03 01:59:49'),('MerchantsKeepItems','1','Merchants keep items sold to them | 0 - off | 1 - on |','2015-02-03 01:59:49'),('MOTD','Welcome to Project Quarm! The standard ruleset is currently in effect. (GM-Enforced Rotations)','','2023-09-15 11:29:04'),('hotfix_name','','','2023-08-26 03:49:38'),('CustomChecksum','842229906096202','Checksum','2023-08-05 21:48:45'),('PreviousCustomChecksum','831231734974234','Previously active checksum if any.','2023-08-05 21:48:59');
